{
  "train_f1": 0.8973121984838043,
  "test_f1": 0.35528500276701713,
  "test_precision": 0.35825892857142855,
  "test_recall": 0.35236004390779363
}