{
  "train_f1": 0.8649478207489257,
  "test_f1": 0.25670410268164107,
  "test_precision": 0.16222479721900349,
  "test_recall": 0.6147091108671789
}